num_instances,pod_name,pod_energy
1,stress-1instance-pod1,149.592
2,stress-2instance-pod1,129.561
2,stress-2instance-pod2,150.6
3,stress-3instance-pod1,145.503
3,stress-3instance-pod2,140.472
3,stress-3instance-pod3,142.848
4,stress-4instance-pod1,119.109
4,stress-4instance-pod2,152.151
4,stress-4instance-pod3,152.097
4,stress-4instance-pod4,138.678
5,stress-5instance-pod1,135.555
5,stress-5instance-pod2,153.222
5,stress-5instance-pod3,141.939
5,stress-5instance-pod4,139.761
5,stress-5instance-pod5,143.709
6,stress-6instance-pod1,145.704
6,stress-6instance-pod2,152.934
6,stress-6instance-pod3,156.078
6,stress-6instance-pod4,155.544
6,stress-6instance-pod5,158.238
6,stress-6instance-pod6,157.926
7,stress-7instance-pod1,149.514
7,stress-7instance-pod2,151.173
7,stress-7instance-pod3,157.329
7,stress-7instance-pod4,145.947
7,stress-7instance-pod5,154.626
7,stress-7instance-pod6,152.358
7,stress-7instance-pod7,156.666
8,stress-8instance-pod1,150.546
8,stress-8instance-pod2,134.022
8,stress-8instance-pod3,153.555
8,stress-8instance-pod4,147.741
8,stress-8instance-pod5,151.086
8,stress-8instance-pod6,134.016
8,stress-8instance-pod7,152.172
8,stress-8instance-pod8,137.835
9,stress-9instance-pod1,149.328
9,stress-9instance-pod2,155.13
9,stress-9instance-pod3,152.826
9,stress-9instance-pod4,161.16
9,stress-9instance-pod5,166.239
9,stress-9instance-pod6,139.488
9,stress-9instance-pod7,151.281
9,stress-9instance-pod8,136.062
9,stress-9instance-pod9,148.365
10,stress-10instance-pod1,167.307
10,stress-10instance-pod2,162.042
10,stress-10instance-pod3,163.611
10,stress-10instance-pod4,155.298
10,stress-10instance-pod5,178.737
10,stress-10instance-pod6,159.432
10,stress-10instance-pod7,143.43
10,stress-10instance-pod8,156.78
10,stress-10instance-pod9,180.12
10,stress-10instance-pod10,163.56
